<!-- 
	CONFIGURATION FILE FOR JCLEC-MOEA
	WRM Case study. November 2017.
-->

<experiment>
	<!-- Algorithm -->
	<process algorithm-type="net.sf.jclec.mo.algorithm.MOGeneticAlgorithm">
		<mo-strategy type="net.sf.jclec.mo.strategy.constrained.ConstrainedHypE" >
			<sampling-size>10000</sampling-size>
		</mo-strategy>
		
		<!-- General parameters -->
		<rand-gen-factory multi="true">
			<rand-gen-factory type="net.sf.jclec.util.random.RanecuFactory" seed="123456789"/>
			<rand-gen-factory type="net.sf.jclec.util.random.RanecuFactory" seed="234567891"/>
			<rand-gen-factory type="net.sf.jclec.util.random.RanecuFactory" seed="345678912"/>
			<rand-gen-factory type="net.sf.jclec.util.random.RanecuFactory" seed="456789123"/>
			<rand-gen-factory type="net.sf.jclec.util.random.RanecuFactory" seed="567891234"/>
			<rand-gen-factory type="net.sf.jclec.util.random.RanecuFactory" seed="678912345"/>
			<rand-gen-factory type="net.sf.jclec.util.random.RanecuFactory" seed="789123456"/>
			<rand-gen-factory type="net.sf.jclec.util.random.RanecuFactory" seed="891234567"/>
			<rand-gen-factory type="net.sf.jclec.util.random.RanecuFactory" seed="912345678"/>
			<rand-gen-factory type="net.sf.jclec.util.random.RanecuFactory" seed="987654321"/>
		</rand-gen-factory>
		
		<population-size>100</population-size>
		<max-of-generations>500</max-of-generations>

		<!-- Encoding and initialization mechanism -->
		<provider type="net.sf.jclec.mo.problem.wrm.WRMSolutionCreator"/>
		<species type="net.sf.jclec.mo.problem.wrm.WRMSolutionSpecies">
			<genotype-schema>
				<locus type="net.sf.jclec.util.range.Interval" left="0.01" right="0.45" closure="closed-closed" /> <!-- x1 -->
				<locus type="net.sf.jclec.util.range.Interval" left="0.01" right="0.10" closure="closed-closed" /> <!-- x2 -->
				<locus type="net.sf.jclec.util.range.Interval" left="0.01" right="0.10" closure="closed-closed" /> <!-- x3 -->
			</genotype-schema>
		</species>
		
		<!-- Evaluator -->		
		<evaluator type="net.sf.jclec.mo.problem.wrm.WRMEvaluator">
			<objectives>	 
				<objective type="net.sf.jclec.mo.problem.wrm.F1" maximize="false" min="63840.2774" max="83060.744"/>
				<objective type="net.sf.jclec.mo.problem.wrm.F2" maximize="false" min="30.0" max="1350.0"/>
				<objective type="net.sf.jclec.mo.problem.wrm.F3" maximize="false" min="0.28534689" max="2.85346895"/>
				<objective type="net.sf.jclec.mo.problem.wrm.F4" maximize="false" min="183749.9670692" max="16027735.33304959"/>
				<objective type="net.sf.jclec.mo.problem.wrm.F5" maximize="false" min="741.622222221" max="347469.4"/>
			</objectives>
		</evaluator>
		
		<!-- Genetic operators -->
		<recombinator type="net.sf.jclec.realarray.rec.BLXAlphaCrossover2x2" rec-prob="0.9" />
		<mutator type="net.sf.jclec.realarray.mut.PolynomialMutator" mut-prob="0.15" />
				
		<!-- Listeners -->
		<listener type="net.sf.jclec.mo.listener.MOParetoFrontReporter">
			<report-frequency>1000</report-frequency>
			<report-title>WRMExperiment</report-title>
		</listener>
		
		<listener type="net.sf.jclec.mo.listener.MOComparisonReporter">
			<!-- Generic parameters -->
			<report-frequency>1000</report-frequency>
			<report-title>WRMExperiment</report-title>

			<!-- Specific parameters -->
			<number-of-algorithms>4</number-of-algorithms>
			<number-of-executions>10</number-of-executions>

			<!-- The list of quality indicators -->
			<indicators>
				<indicator type="net.sf.jclec.mo.indicator.Hypervolume"/>
				<indicator type="net.sf.jclec.mo.indicator.Spacing"/>
			</indicators>
			
			<!-- Commands that will be used to perform objective transformations -->
			<command-invert type="net.sf.jclec.mo.command.ObjectiveInverter" />
			<command-scale type="net.sf.jclec.mo.command.ObjectiveScaler">
				<bounds>
					<bound min="63840.2774" max="83060.744"/>
					<bound min="30.0" max="1350.0"/>
					<bound min="0.28534689" max="2.85346895"/>
					<bound min="183749.9670692" max="16027735.33304959"/>
					<bound min="741.622222221" max="347469.4"/>
				</bounds>
			</command-scale>
			<command-extract type="net.sf.jclec.mo.command.NonDominatedFeasibleSolutionsExtractor">
				<comparator type="net.sf.jclec.mo.comparator.fcomparator.ParetoComparator" />
			</command-extract>
		</listener>
	</process>
</experiment>